topicId,rank,docId,filename
0,0,0,file:/E:/Patrick/Downloads/Input/CND.csv
1,0,0,file:/E:/Patrick/Downloads/Input/CND.csv
2,0,0,file:/E:/Patrick/Downloads/Input/CND.csv
3,0,0,file:/E:/Patrick/Downloads/Input/CND.csv
4,0,0,file:/E:/Patrick/Downloads/Input/CND.csv
5,0,0,file:/E:/Patrick/Downloads/Input/CND.csv
6,0,0,file:/E:/Patrick/Downloads/Input/CND.csv
7,0,0,file:/E:/Patrick/Downloads/Input/CND.csv
8,0,0,file:/E:/Patrick/Downloads/Input/CND.csv
9,0,0,file:/E:/Patrick/Downloads/Input/CND.csv
10,0,0,file:/E:/Patrick/Downloads/Input/CND.csv
11,0,0,file:/E:/Patrick/Downloads/Input/CND.csv
12,0,0,file:/E:/Patrick/Downloads/Input/CND.csv
13,0,0,file:/E:/Patrick/Downloads/Input/CND.csv
14,0,0,file:/E:/Patrick/Downloads/Input/CND.csv
15,0,0,file:/E:/Patrick/Downloads/Input/CND.csv
16,0,0,file:/E:/Patrick/Downloads/Input/CND.csv
17,0,0,file:/E:/Patrick/Downloads/Input/CND.csv
18,0,0,file:/E:/Patrick/Downloads/Input/CND.csv
19,0,0,file:/E:/Patrick/Downloads/Input/CND.csv
20,0,0,file:/E:/Patrick/Downloads/Input/CND.csv
21,0,0,file:/E:/Patrick/Downloads/Input/CND.csv
22,0,0,file:/E:/Patrick/Downloads/Input/CND.csv
23,0,0,file:/E:/Patrick/Downloads/Input/CND.csv
24,0,0,file:/E:/Patrick/Downloads/Input/CND.csv
25,0,0,file:/E:/Patrick/Downloads/Input/CND.csv
26,0,0,file:/E:/Patrick/Downloads/Input/CND.csv
27,0,0,file:/E:/Patrick/Downloads/Input/CND.csv
28,0,0,file:/E:/Patrick/Downloads/Input/CND.csv
29,0,0,file:/E:/Patrick/Downloads/Input/CND.csv
30,0,0,file:/E:/Patrick/Downloads/Input/CND.csv
31,0,0,file:/E:/Patrick/Downloads/Input/CND.csv
32,0,0,file:/E:/Patrick/Downloads/Input/CND.csv
33,0,0,file:/E:/Patrick/Downloads/Input/CND.csv
34,0,0,file:/E:/Patrick/Downloads/Input/CND.csv
35,0,0,file:/E:/Patrick/Downloads/Input/CND.csv
36,0,0,file:/E:/Patrick/Downloads/Input/CND.csv
37,0,0,file:/E:/Patrick/Downloads/Input/CND.csv
38,0,0,file:/E:/Patrick/Downloads/Input/CND.csv
39,0,0,file:/E:/Patrick/Downloads/Input/CND.csv
40,0,0,file:/E:/Patrick/Downloads/Input/CND.csv
41,0,0,file:/E:/Patrick/Downloads/Input/CND.csv
42,0,0,file:/E:/Patrick/Downloads/Input/CND.csv
43,0,0,file:/E:/Patrick/Downloads/Input/CND.csv
44,0,0,file:/E:/Patrick/Downloads/Input/CND.csv
45,0,0,file:/E:/Patrick/Downloads/Input/CND.csv
46,0,0,file:/E:/Patrick/Downloads/Input/CND.csv
47,0,0,file:/E:/Patrick/Downloads/Input/CND.csv
48,0,0,file:/E:/Patrick/Downloads/Input/CND.csv
49,0,0,file:/E:/Patrick/Downloads/Input/CND.csv
50,0,0,file:/E:/Patrick/Downloads/Input/CND.csv
51,0,0,file:/E:/Patrick/Downloads/Input/CND.csv
52,0,0,file:/E:/Patrick/Downloads/Input/CND.csv
53,0,0,file:/E:/Patrick/Downloads/Input/CND.csv
54,0,0,file:/E:/Patrick/Downloads/Input/CND.csv
55,0,0,file:/E:/Patrick/Downloads/Input/CND.csv
56,0,0,file:/E:/Patrick/Downloads/Input/CND.csv
57,0,0,file:/E:/Patrick/Downloads/Input/CND.csv
58,0,0,file:/E:/Patrick/Downloads/Input/CND.csv
59,0,0,file:/E:/Patrick/Downloads/Input/CND.csv
60,0,0,file:/E:/Patrick/Downloads/Input/CND.csv
61,0,0,file:/E:/Patrick/Downloads/Input/CND.csv
62,0,0,file:/E:/Patrick/Downloads/Input/CND.csv
63,0,0,file:/E:/Patrick/Downloads/Input/CND.csv
64,0,0,file:/E:/Patrick/Downloads/Input/CND.csv
65,0,0,file:/E:/Patrick/Downloads/Input/CND.csv
66,0,0,file:/E:/Patrick/Downloads/Input/CND.csv
67,0,0,file:/E:/Patrick/Downloads/Input/CND.csv
68,0,0,file:/E:/Patrick/Downloads/Input/CND.csv
69,0,0,file:/E:/Patrick/Downloads/Input/CND.csv
70,0,0,file:/E:/Patrick/Downloads/Input/CND.csv
71,0,0,file:/E:/Patrick/Downloads/Input/CND.csv
72,0,0,file:/E:/Patrick/Downloads/Input/CND.csv
73,0,0,file:/E:/Patrick/Downloads/Input/CND.csv
74,0,0,file:/E:/Patrick/Downloads/Input/CND.csv
75,0,0,file:/E:/Patrick/Downloads/Input/CND.csv
76,0,0,file:/E:/Patrick/Downloads/Input/CND.csv
77,0,0,file:/E:/Patrick/Downloads/Input/CND.csv
78,0,0,file:/E:/Patrick/Downloads/Input/CND.csv
79,0,0,file:/E:/Patrick/Downloads/Input/CND.csv
80,0,0,file:/E:/Patrick/Downloads/Input/CND.csv
81,0,0,file:/E:/Patrick/Downloads/Input/CND.csv
82,0,0,file:/E:/Patrick/Downloads/Input/CND.csv
83,0,0,file:/E:/Patrick/Downloads/Input/CND.csv
84,0,0,file:/E:/Patrick/Downloads/Input/CND.csv
85,0,0,file:/E:/Patrick/Downloads/Input/CND.csv
86,0,0,file:/E:/Patrick/Downloads/Input/CND.csv
87,0,0,file:/E:/Patrick/Downloads/Input/CND.csv
88,0,0,file:/E:/Patrick/Downloads/Input/CND.csv
89,0,0,file:/E:/Patrick/Downloads/Input/CND.csv
90,0,0,file:/E:/Patrick/Downloads/Input/CND.csv
91,0,0,file:/E:/Patrick/Downloads/Input/CND.csv
92,0,0,file:/E:/Patrick/Downloads/Input/CND.csv
93,0,0,file:/E:/Patrick/Downloads/Input/CND.csv
94,0,0,file:/E:/Patrick/Downloads/Input/CND.csv
95,0,0,file:/E:/Patrick/Downloads/Input/CND.csv
96,0,0,file:/E:/Patrick/Downloads/Input/CND.csv
97,0,0,file:/E:/Patrick/Downloads/Input/CND.csv
98,0,0,file:/E:/Patrick/Downloads/Input/CND.csv
99,0,0,file:/E:/Patrick/Downloads/Input/CND.csv
