Topic Id,Top Words...
0,santa degraded 900 college hispaniola judges object reins infliction lashed legacy played rugged animal thompson owe pointe certainty augmenting profusion
1,jackson strong intoxication reproach eyes amidst swarms suffered sanctioned preserve whatsoever civil favour 1793 ayes conclusion sickly resorting organization hire
2,intimacy sails exert fertility 130 enjoyed malcolm 1834 rochdale expired alterations paymaster voyages ennight dwelt archibald spectacles nova sisters fatigue
3,band exertion missed seizure discussion excited guilty loyal linen scalped give jersey rooapoah relatives barbarities prosecutors admirable speculation bases ranges
4,surely fruit aware expediency choice elect lying miami foreign advertiser surprising poste 114 dread weaver subsequently junction sacrificed paterson piety
5,charles regulations intentions manufacturers interim magazine servants arms supposes philip wesleyan incloses elegance prohibiting midst drudgery sooner statute crew skin
6,inspection sessions acknowledgement ending defraying oil preparations privates invested walls labouchere informant sober princess david mauritius express stipulated refer seventh
7,perseverance difference pursuant attributes ayres remitted therefrom plenty lines acquired single rejoice sandal expended oatmeal hired accomodation withholding queries endless
8,mr inform great 1 south colony good indians canada public american miles company cape port subject committee 12 long island
9,colour finally combined pain exist nepean improvement inquire convinced easy thirteen purchase counsel account formed presbytery hackney availing sacrifices mortality
10,vale produced heritors national derwent calumnies chronicle sixteen amd moved regulate 76 offices hearts hills advertisement important safely id368 moulded
11,communicate seized advice census hold conclusion breaking securing decent hard alderman canals creditable boy lies cumberland bloody harmony search beat
12,noise foundation regiments broad blossom invasion renewed repay monday production nooe cooke accommodation peel 1822 attributed contact carthagena proposes easier
13,strongly seventy june 1831 complaining adhered prevail wilkinson forces arrested card shop castle relations utmost kilwinning central manchester melville paupers
14,mounted spencer choice eastern 1800 assistant commissioners relates danger truth willis islanders throwing judicious emigrants wilful surveyor richest abundance derived
15,rear annually animal reduced individually gigantic diet patronage blow ascent politics write idea gravely doth bridges promissory greenland accomplished dalhousie
16,plentiful improvements lips schooners isle union sydney generals matilda examination improving anglo caught persuade stormy repeated resolve casualties maintained exhausted
17,repeal chartist paul dignity averaging undertaking provide utterly mexico scheme 1 canadas nooaheva ut fayette japan weary borrowing caul belabouring
18,1840 drove viscount professional alexander schooners serjeant reduction le sullen monroe cots 197 8s trades kindred fires rare needed groun
19,signed abuse isles wells revenge restored spare secession meant exemplified condessa builder failures baring colours cabinet destination planted disagreeable explanation
20,town 3 young society labour thing expected passed parliament thousand papers condition 5 parties leave 04 corn 09 prevent raised
21,advocate johnstone views martinico fill privilege shoulders 1100 selection recommends apparently facilities erie nominated authorise consulted farthing illustre sort seldom
22,pretty encounter wished wrapper attacks pecuniary canadathe expectations mayor taxes courier extending risk unfavourable churches woodlan inscription employer dispensed alderman
23,complained 8000 speculations extracts bare assembled nicholson alloa handed exchequer peaceable shed discomfort project subdued transaction emu lengthened awkward sore
24,states land state day king means found order children full settlers enemy form force doubt bay majesty law manner caledonian
25,sidney returns parade shorn leone communities medical clean indignation 1812 product sanguine son stress dominions lothian vehicle boxes fantees shameful
26,leading guidance draw mine conceived vermont bermuda flour climates expressing fullest collateral elwin uttoxeter stress doomed shetland swedish stands infected
27,partly precautions 12s memorial features movements smiths intelligent majority circumspection madrid ditto 1700 promoting repetition onaiyo victim anticipate addressed interest
28,horse caledonian confined growing surveyor owner selection surplus sierra buffalo peter chippawa deny beaten bankers emi suggest lang shewn applicants
29,feel completion sufferings divine joy affected pressed introduce duchess genuine traced constituted ofthe thoughts acted lawyers oct subscriptions jobbing factor
30,bristol mentions respects stewart manchester misses macquarrie agents fame suggested ontario stand fiddler dissenters 1828 borrow fittest cook metallic trials
31,united country number time house present 2 received scotsman river governor persons letter ditto wales captain make emigrants west settlement
32,government people man trade chief north 0 emigration st board called june hundred dated large troops 1789 sailed natives act
33,convey carries loss sex preference muskets t35000 kingdoms canvass wrecked chilians tampering embark 37th grazing seek hunter incorporated interview landing
34,liable tells revenues coffee 09 christmas equivalent 11s defect asserts alacrity 3rd conducting canadian astonished soldier greater shew impulse class
35,ton skye cheered charged languages dick morning ferry holders noes sworn resorted demerara flood notes wanted false privateers success heaven
36,replied almanack confined pockets hair deviation atmosphere survived turtle dissent runs mountain special sentiments wandering wars entered indebted british walnuts
37,british advertiser royal april individuals coast 24 proper find mentioned fall nation motion covered agreed objects liverpool interests ohio 1841
38,pitt satisfied surrounding meets bench byron grate hang unparalleled 10l 92 rid filthy unbroken contagion precipitation izard severely prosperity swear
39,applications cabin undergo trained boy spectator joint balls circulating fiscal excluding 104th brigade view massachusetts settled extravagance cultivated 07 undeviating
40,cash herald 1838 doubted montgomery steady returning examined jane crimes wild staring assessed belfast punishments essex messenger singly win imperfect
41,controul sabbath excess consul heriot examine introduce intend windsor assure worn elements market molestation dissatisfied superb ministry 1056 barley suggests
42,proprietors referred require 12527 stress highland decision hat enforcing corporation sullivan events wheel pointing entering progressive reiterated exception sending knot
43,began 1839 flying excuse purchases contrast reaches observation mary verdict cannibal wait inquiring ingratitude grievances altered rising cruelty 41st windward
44,anchor distinguishing subsist buyers observing precious intend front completing extends sullivan justices tribe credit pure astonishment downs upwards falkland elder
45,pain remained labour t300 vegetable expensive farming valley usual actual possessing flames id363 ruling billets id97 2849194 flooded actuallyexported winning
46,1835 forty nootka corruption plattsburgh contribute career leagues cost liutenant bought astonishment informs meantime clergyman awarded crush messes austria cries
47,site mat consumption relations running pike entered stand high bearers madness tied detachments proceeds gen carriage acting opinion celebrity gilmore
48,men ship americans america sir half army account quebec court produce interest pay return 100 gentleman population james sydney night
49,session 28 feet highly tons canoes armed mother females fleet resolutions october intention occasioned safe close amendment custom france 28th
50,council spanish heads presentee lat gordon creatures pressure invitation wrote private knocking tunnels gaols speaks advancing callendar illinois guarantee denies
51,tabular imprisonment investigate gang congregation marquessas expostulations investments cheer bodied hunting descend neglect encouraging disticts practises furnishes attempt gillevry independent
52,committees range treatment land exhibition conscientiously velocity repaid felony estimates neat noxious eggs commissary criminal attorney husbands stolen proceed heart
53,proposal line accounts energy termination readily addressed stood statements granting exertions territories cost section postponed subjected furnishing fairly alliance employers
54,andrew directions disturbed expiration christian 240 desirable lieutenant geese webs repeal executors remind cease stable doors shows prevails thigh productions
55,proportions principally strangulation t120 salubrity speedily harm engage gallery cheer t30 1561 ordained culprits sackville depreciation bello jonathan francis constant
56,hail commerce doomed legal 19th transported unprecedented dispersed follow shore meteor ob lottery bog census whale abounding absurd relate david
57,macdonnell sympathy pitch railing observance netherlands boasts hastened murdered elphinstone intemperance admits wm bass southward founding landing reluctance character vegetablse
58,objected dunkeld income genius lie entrance company rooapoah lanthorn belongs maria intense implements practical absence inconsiderable spoke bearing rising medicines
59,disgust fair strangulation drove turn floor elevated diligence horton doomed hotel rugged isle pipe au cultivation gesticulations craven tight stole
60,contrary pastor throne renewed construction privilege shillings bennington salem amelia depreciation incurred flesh ritchie continual tour regent yeo faithful charleston
61,urged agents t8 petty readers orel blame signatures statute commemoration cutting retain fleets fear mere unnecessary maintain popular folly flame
62,gray preference withdrew remains grape crossed furs pastoral invention kerr diminish panic surrounded truths insert plainly seek apprehend britannic hostilities
63,deal depreciate worthy wicked heterogenous dealing regretted guildford cheese appointing erection sole antelope instruments nights adoption consequences introduction contracts inhabitant
64,enormous ditto civil spain heavier whale morris zealand evinced thirteen granted servant exceeded ordained constitutions warmth document prevalence ease affection
65,united applications bread 82 exemplary plains practice remote detained 34000 cowes gilchrist esteem malignant ounce barrier oyer sidmouth chapel pushed
66,cities cargo stock baggage mexico undoubted plant adverted behalf gladly sufferings cirumstances resembling college seventy patriotic concerned signifying harmar wylls
67,compared remainder executioner feet green headed oppose devising strayed ukase chargeable adapted accessory hardy mass enforcing gros amazing delighted modest
68,glasgow edinburgh england left york native london lord party hope brought provisions vessel part effect sum militia grant fine nature
69,characteristics launched literature suffer fixing pretended streams april representativesin 1842 riggers pack 1840 83160 vile emply log preparatory visiting commissions
70,amendment pass coins undeviating inducement sheep nassau agree ineffectual conjectured rottenburg hurt yeo battle quarrelling advertise id358 samples skirmishes yoke
71,control 1814 smallest transmitted prevalent marry quitted administration canadas stripe 1832 convoy destined travelled colonel laid gillespie baronet compared fe
72,completed persuaded garrison disturbance oxen david top united mixture rowe invited duchess astonishing defraying croix brown spirited dress girl lessened
73,40 fear travel earth presentation tippling promotion cochrane oxford sentenced nominally observe flax musket invader rates repulsed speedy squadron unexpected
74,high rio compelled partners intention marched adoption medium afforded corn slaves russian governed lyon treat manufactories manifest formal 14th brock
75,venture slaughter collision russian devout drowned blessed depends portugal disagreeable nelson advisable breach subscription luxuries misery occupations brings beheld expect
76,universities damage dissenters lon paragraph demerara materially attained rents sex happened promise fayette rice recommendations economical uncle refusal ritchie dumfries
77,opened bars kindness results longitude 1823 weaver ignorance thermometer miseries representation talent worse accounts cordial preserving bickerings dreams artisans lennox
78,african loaded lead lieut 340 press taheitan palmyra 4d reverse strip framed erection confirms beach declaration false printing hearts wretches
79,learn ten correspond capture answered usury cheers appreciated pretence sentiments county emigrations constantly pease t100000 russians adjournment surplus producing testimony
80,untaught engage deficient heat voters embarkation feared grant duly declaring america australasia mortgages suspicions formally barn phaeton chili average runs
81,colonies passengers crew information taking 08 1790 board lands stated van important resolved generally 7 post classes female regular fish
82,7th son 17th burst advice park swainson wools dundas horns christopher inmates shrine monk partners southward gibson stopping build putting
83,reception endeavours pretty assert sheriff popular measures dowell wayne glenelg morgan questionable flowered injurious suited seeking region withstanding foot straits
84,isles silk revolt stimulating surveyors 18000 cholera neck indolent legitimate testimony styled faithfully supposition emissaries friendly houses heard spot 10s
85,prudent longevity william alternately letter bart delaware 78 peterhead tables prize unquestionable wing artisans averaging affectionate lanark disciplined requesting inevitably
86,clause enter require murder necessarily san dock 36 protection supposes posen scaffolding inches hotel examined imprisonment requiring grievances dispositions regulate
87,coinage mat exchequer 1816 extent tradesmen parishes famine obliged vice 3733 inflicting propriety convey boundless quarantine satisfactory 1801 bishopp deluded
88,01 1810 mulattoes vain strike trouble rose abolished eaton anticipated 11700 extend display enables execute deposits frightful farming expenditure justice
89,sums emigrants precise conveyed communicated withholding exist sheerness legislators joining questions fitting phelps synod katherine weavers 71000 catholic cents ad
90,territories roads chancery destitute sec stedman rascals term masters special wholly magistrates confer duties ohio computed cultuvation cornwalis factions fotheringham
91,newly repeated exclusively 1823 intrepidity german wreck straw hobart brazils apprentice washed cleanliness attendant dispositions hire superintendence stipulated quiet renewed
92,kingdom scotland made general place years arrived year war give john 10 days colonial fort 15 water object passage people
93,presume hereditary producing ross moved blow jurors shooting magistrate atta dime estcourt emancipation existed accompany russel coffeehouse blind faces meal
94,prosperity dalhousie gambling resides cathedral ancles 14526 buenos forget infirm jun consists limit clear speaker exclusion glass burthen spared affair
95,seals downing amending degrade allotment subejct fourths conducting cases bravery story earthquake village dispatches sincere merrifield muilsingam ditinguish worcesster accidentally
96,tavern wide content barter ignorance caution bottom defend mint alternative deviation pony jaws 27728 boiled yearly calculation hurried absence diminished
97,14th food vermin mortality apprehending privates stay overlook shews obviate seas swine plaintiff excepting havoc alexandria resolutions uncertain permanent reinforce
98,adjutant maraino prussia literally 23 butter promise housekeepers consigned robbed prisons segar frailty welsh journeymen convey regretted trials 28s delusion
99,larger reside leven aggravated waters drive 60 markets distressing accept key merinoes verbal gambia martin ferrier standard amendments consuls flank
